{
  "rmssd": 0.0,
  "sdnn": 0.0,
  "pnn50": 0.0,
  "hf": 0.035575252930252495,
  "lf": 0.00035005755958031863
}